Group,ASD,ASD,ASD,ASD,ASD,ASD,ASD,ASD,ASD,ASD,ASD,ASD,ASD,ASD,ASD,ASD,ASD,ASD,TD,TD,TD,TD,TD,TD,TD,TD,TD,TD,TD,TD,TD,TD,TD,TD,TD,TD,TD,TD
Acetobacter_persici,9.15E-07,3.79E-06,3.56E-06,7.49E-06,1.26E-05,9.99E-06,7.37E-06,5.07E-06,8.22E-06,1.35E-05,2.48E-06,1.77E-05,1.49E-05,9.17E-06,3.87E-06,1.27E-05,1.54E-06,3.10E-06,6.63E-06,2.23E-05,9.70E-06,1.73E-05,1.21E-05,2.15E-05,1.24E-05,1.05E-05,2.95E-06,4.92E-06,2.63E-05,1.01E-05,1.18E-05,1.04E-05,1.23E-05,5.38E-06,8.21E-06,1.82E-05,2.12E-05,1.13E-05
Acidisarcina_polymorpha,3.45E-06,2.93E-06,7.39E-06,2.22E-05,1.90E-05,1.32E-05,1.41E-05,3.32E-06,9.47E-06,9.92E-06,1.63E-05,2.21E-05,1.18E-05,8.02E-06,4.99E-06,1.51E-05,6.70E-06,7.60E-06,8.63E-06,3.30E-05,1.34E-05,1.87E-05,1.91E-05,2.53E-05,1.63E-05,7.86E-06,5.45E-06,4.04E-06,4.43E-05,2.41E-05,2.69E-05,2.51E-05,1.74E-05,1.12E-05,9.92E-06,2.15E-05,3.07E-05,3.92E-06
Actinomyces_radicidentis,1.83E-06,5.46E-06,4.61E-06,7.09E-06,2.14E-05,1.09E-05,1.04E-05,6.03E-06,1.06E-05,1.56E-05,6.66E-06,1.28E-05,1.53E-05,1.39E-05,6.07E-06,1.39E-05,4.15E-06,7.57E-06,1.41E-05,3.83E-05,1.35E-05,1.94E-05,2.00E-05,3.00E-05,2.18E-05,3.21E-06,3.47E-06,3.20E-06,2.49E-05,2.22E-05,2.78E-05,2.00E-05,1.88E-05,4.72E-06,1.55E-05,2.99E-05,3.36E-05,3.14E-06
Actinomyces_viscosus,2.32E-06,1.46E-05,3.32E-06,4.27E-06,1.34E-05,2.46E-05,5.96E-06,3.72E-06,1.97E-05,1.09E-05,1.18E-05,1.09E-05,5.71E-06,1.87E-05,3.54E-06,1.57E-05,1.00E-05,7.76E-06,7.01E-06,2.37E-05,3.18E-05,6.07E-05,3.71E-05,5.05E-05,1.32E-05,8.25E-06,1.13E-06,1.36E-06,2.43E-05,1.88E-05,3.21E-05,1.49E-05,1.47E-05,6.90E-06,2.69E-05,1.14E-05,2.48E-05,3.21E-06
Advenella_mimigardefordensis,9.85E-07,4.32E-06,3.09E-06,7.58E-06,1.01E-05,9.37E-06,3.31E-06,5.41E-06,6.48E-06,8.62E-06,3.47E-06,1.43E-05,6.60E-06,9.55E-06,6.23E-06,8.51E-06,1.07E-05,4.52E-06,1.00E-05,1.53E-05,7.44E-06,1.04E-05,7.01E-06,1.19E-05,1.17E-05,2.82E-06,3.75E-06,7.72E-06,1.96E-05,1.24E-05,1.00E-05,9.60E-06,1.14E-05,6.16E-06,1.14E-05,2.53E-05,2.13E-05,2.64E-06
Arthrobacter_sp._PAMC_25486,1.34E-06,1.93E-06,1.83E-06,8.46E-06,1.31E-05,9.81E-06,4.97E-06,6.53E-06,8.22E-06,1.27E-05,5.45E-06,8.32E-06,1.59E-05,1.43E-05,4.40E-06,5.42E-06,3.14E-06,3.76E-06,5.76E-06,2.37E-05,6.87E-06,1.32E-05,3.61E-05,3.72E-05,1.72E-05,3.14E-06,3.35E-06,1.32E-06,2.96E-05,1.41E-05,1.76E-05,1.04E-05,1.84E-05,4.89E-06,9.47E-06,2.50E-05,3.34E-05,3.99E-06
Arthrobacter_sp._PGP41,9.85E-07,2.13E-06,3.12E-06,7.67E-06,7.65E-06,9.68E-06,4.69E-06,1.41E-06,9.97E-06,7.57E-06,2.92E-06,9.74E-06,6.60E-06,5.54E-06,3.33E-06,7.42E-06,3.26E-06,2.84E-06,3.88E-06,2.43E-05,5.65E-06,1.48E-05,9.52E-06,1.90E-05,1.65E-05,3.28E-06,8.07E-07,2.24E-06,3.58E-05,2.05E-05,1.88E-05,1.39E-05,1.48E-05,3.94E-06,7.76E-06,1.24E-05,2.31E-05,2.07E-06
Bacillus_cellulosilyticus,3.10E-06,9.31E-06,6.41E-06,1.84E-05,1.64E-05,2.61E-05,6.94E-06,2.92E-05,8.35E-06,1.18E-05,1.64E-05,2.47E-05,5.15E-06,1.53E-05,4.30E-06,1.19E-05,5.93E-06,4.13E-06,8.13E-06,3.44E-05,1.08E-05,2.16E-05,2.18E-05,1.58E-05,2.88E-05,1.17E-05,8.15E-06,3.67E-05,3.46E-05,2.60E-05,2.87E-05,3.44E-05,2.48E-05,3.74E-06,1.88E-05,5.12E-05,4.43E-05,2.28E-06
Bacillus_foraminis,9.50E-06,2.34E-05,1.31E-05,2.77E-05,3.10E-05,3.96E-05,1.70E-05,1.41E-05,2.21E-05,3.53E-05,1.27E-05,4.01E-05,3.20E-05,3.23E-05,2.42E-05,1.49E-05,8.18E-06,9.81E-06,1.71E-05,5.09E-05,2.36E-05,2.15E-05,4.07E-05,3.61E-05,5.17E-05,1.17E-05,1.36E-05,1.71E-05,5.30E-05,4.58E-05,3.93E-05,3.54E-05,3.18E-05,2.01E-05,3.32E-05,6.12E-05,7.85E-05,2.00E-05
Burkholderia_sp._BDU6,2.81E-06,9.98E-07,6.78E-07,1.41E-06,3.28E-06,2.62E-06,1.23E-06,1.86E-06,3.24E-06,5.71E-06,2.31E-06,5.80E-06,3.13E-06,2.67E-06,1.45E-06,1.16E-06,3.56E-07,2.34E-06,2.75E-06,1.07E-05,1.51E-06,6.51E-06,7.44E-06,9.43E-06,8.71E-06,1.97E-06,2.02E-07,1.00E-06,1.24E-05,2.10E-05,7.93E-06,6.13E-06,1.10E-05,5.13E-06,2.16E-06,7.17E-06,9.30E-06,1.57E-06
Caulobacter_vibrioides,1.76E-06,1.93E-06,2.41E-06,1.07E-05,1.84E-05,1.56E-05,1.18E-05,3.49E-06,1.43E-05,1.81E-05,6.27E-06,1.27E-05,2.46E-05,9.74E-06,6.87E-06,8.71E-06,2.13E-06,5.71E-06,5.38E-06,6.00E-05,1.44E-05,1.98E-05,1.33E-05,3.94E-05,2.02E-05,5.37E-06,1.74E-06,2.16E-06,4.21E-05,3.32E-05,2.64E-05,1.92E-05,2.34E-05,8.13E-06,1.01E-05,3.16E-05,2.90E-05,3.14E-06
Chloracidobacterium_thermophilum,1.06E-06,2.66E-06,3.90E-06,1.08E-05,2.02E-05,1.33E-05,2.93E-06,6.36E-06,1.22E-05,1.74E-05,1.01E-05,9.52E-06,1.97E-05,7.26E-06,6.07E-06,5.93E-06,4.92E-06,5.07E-06,9.13E-06,2.21E-05,8.10E-06,1.89E-05,1.29E-05,3.30E-05,1.40E-05,2.69E-06,3.15E-06,9.92E-06,2.34E-05,1.95E-05,2.32E-05,1.87E-05,1.18E-05,7.06E-06,8.88E-06,2.85E-05,3.27E-05,3.85E-06
Clostridium_sp._SY8519,0.000135985335814134,0.000224539275345561,0.000273704475653016,0.000365235952117699,0.000657531342691568,0.000872975887866378,0.000147138109150891,0.000233340630742873,0.000478649098259733,0.000431638855211893,0.000292243410863036,0.000543361661697162,0.00032256663653657,0.000492578270840092,0.000334844906122861,0.00022417636307903,0.000240469214814681,0.000107611314347714,0.000289934904170695,0.000607667579669733,0.000672989211642016,0.000289560882015023,0.000815253189031747,0.000810833689273901,0.00068795233002687,0.00019811697156196,0.00021843731214482,0.000346524407790467,0.000591217847383154,0.000611404277260044,0.000355964152067322,0.000524017932821221,0.000746853532142061,0.000305008332911422,0.00112776342884844,0.000828647570244489,0.00102091254065495,0.000139970790006114
Cronobacter_condimenti,1.48E-06,5.72E-06,4.00E-06,1.00E-05,1.56E-05,6.68E-06,7.65E-06,2.31E-06,6.73E-06,1.12E-05,4.62E-06,1.20E-05,6.49E-06,8.41E-06,2.69E-06,4.00E-06,2.01E-06,4.23E-06,9.13E-06,3.21E-05,1.39E-05,1.20E-05,8.31E-06,9.56E-06,1.44E-05,3.41E-06,4.80E-06,5.16E-06,2.32E-05,1.33E-05,2.54E-05,1.47E-05,8.63E-06,4.07E-06,7.53E-06,1.84E-05,1.73E-05,2.64E-06
Deinococcus_radiodurans,1.13E-06,7.32E-07,3.39E-06,6.26E-06,1.60E-05,1.03E-05,6.70E-06,2.42E-06,1.20E-05,1.75E-05,5.94E-06,1.12E-05,1.39E-05,1.05E-05,5.53E-06,3.87E-06,2.19E-06,3.52E-06,7.26E-06,2.83E-05,1.09E-05,4.73E-06,8.65E-06,2.21E-05,2.03E-05,5.24E-06,1.37E-06,2.08E-06,1.87E-05,2.82E-05,4.46E-05,6.40E-06,1.76E-05,1.01E-05,1.81E-05,2.19E-05,2.14E-05,3.35E-06
Desulfotomaculum_reducens,3.24E-06,1.43E-05,2.98E-05,1.53E-05,3.11E-05,2.99E-05,8.88E-06,1.40E-05,2.54E-05,2.87E-05,6.44E-06,1.88E-05,1.14E-05,2.27E-05,1.66E-05,8.32E-06,8.30E-06,6.84E-06,1.13E-05,4.92E-05,2.01E-05,2.45E-05,2.36E-05,2.47E-05,2.94E-05,1.04E-05,8.03E-06,3.44E-05,3.29E-05,2.68E-05,3.66E-05,4.10E-05,2.30E-05,1.93E-05,2.51E-05,4.44E-05,5.47E-05,5.99E-06
Exiguobacterium_antarcticum,1.48E-06,9.91E-06,3.53E-06,1.32E-05,1.20E-05,1.43E-05,1.90E-06,8.39E-06,5.73E-06,1.15E-05,6.71E-06,1.20E-05,5.82E-06,1.15E-05,4.08E-06,2.32E-06,3.61E-06,2.13E-06,5.13E-06,1.57E-05,1.11E-05,9.50E-06,1.11E-05,1.20E-05,1.17E-05,4.13E-06,2.58E-06,8.76E-06,1.33E-05,1.91E-05,1.88E-05,1.28E-05,9.72E-06,5.79E-06,1.45E-05,2.19E-05,2.26E-05,2.71E-06
Hyphomonas_neptunium,1.34E-06,1.46E-06,2.71E-06,5.24E-06,1.23E-05,9.06E-06,9.16E-06,6.31E-06,8.47E-06,6.45E-06,6.99E-06,6.46E-06,1.62E-05,7.64E-06,3.65E-06,3.48E-06,1.13E-06,3.37E-06,8.51E-06,2.54E-05,7.44E-06,5.22E-06,1.24E-05,1.47E-05,1.19E-05,2.95E-06,1.21E-06,2.68E-06,2.14E-05,2.64E-05,1.67E-05,1.25E-05,9.09E-06,5.83E-06,6.27E-06,1.36E-05,2.01E-05,4.35E-06
Jeotgalicoccus_saudimassiliensis,4.29E-06,4.99E-06,6.41E-06,9.78E-06,1.41E-05,2.21E-05,6.27E-06,7.21E-06,1.23E-05,1.11E-05,1.10E-05,1.74E-05,6.94E-06,1.17E-05,8.22E-06,6.06E-06,2.49E-06,6.73E-06,7.26E-06,1.62E-05,1.11E-05,1.17E-05,2.16E-05,1.54E-05,2.27E-05,8.19E-06,6.34E-06,5.64E-06,1.92E-05,1.94E-05,2.41E-05,1.04E-05,1.74E-05,1.13E-05,2.04E-05,3.93E-05,2.48E-05,4.06E-06
Lactobacillus_vaginalis,2.53E-06,1.46E-06,2.92E-06,9.38E-06,9.15E-06,1.34E-05,5.82E-06,2.03E-06,1.07E-05,8.37E-06,5.67E-06,7.66E-06,3.92E-06,4.39E-06,4.35E-06,4.45E-06,4.74E-06,1.10E-06,4.00E-06,1.54E-05,6.69E-06,6.24E-06,2.75E-06,1.14E-05,1.69E-05,7.08E-06,1.82E-06,9.60E-06,1.32E-05,2.54E-05,2.10E-05,1.17E-05,9.43E-06,9.36E-06,8.88E-06,1.96E-05,1.65E-05,1.85E-06
Legionella_israelensis,2.95E-06,5.52E-06,9.26E-06,1.15E-05,9.97E-06,1.14E-05,1.73E-06,3.89E-06,7.10E-06,8.68E-06,7.21E-06,1.90E-05,9.96E-06,1.22E-05,3.76E-06,4.06E-06,7.59E-06,8.65E-06,7.88E-06,1.98E-05,1.20E-05,8.56E-06,2.47E-05,8.79E-06,1.31E-05,9.76E-06,3.15E-06,8.88E-06,1.92E-05,1.11E-05,3.06E-05,1.73E-05,1.24E-05,6.32E-06,1.78E-05,2.38E-05,2.06E-05,6.27E-06
Methylomonas_koyamae,3.94E-06,9.31E-07,1.19E-06,2.47E-06,2.05E-06,5.18E-06,2.11E-06,1.75E-06,9.97E-07,5.40E-06,1.98E-06,4.71E-06,2.69E-06,3.25E-06,2.58E-06,1.81E-06,6.52E-07,4.02E-06,2.38E-06,1.26E-05,1.88E-06,2.14E-06,5.70E-06,4.65E-06,3.89E-06,5.18E-06,8.48E-07,5.60E-07,1.54E-05,3.54E-06,7.93E-06,1.01E-05,6.63E-06,1.89E-06,6.42E-06,7.34E-06,8.99E-06,1.14E-06
Methylorubrum_populi,6.54E-06,3.79E-06,4.17E-06,1.76E-05,5.65E-05,2.37E-05,2.63E-05,1.01E-05,2.09E-05,2.83E-05,1.43E-05,3.44E-05,4.68E-05,1.62E-05,8.59E-06,2.11E-05,7.11E-06,1.38E-05,1.60E-05,9.24E-05,2.21E-05,2.99E-05,2.26E-05,5.92E-05,3.89E-05,7.60E-06,8.07E-06,9.80E-06,6.96E-05,7.13E-05,5.04E-05,4.40E-05,4.04E-05,1.21E-05,1.49E-05,6.64E-05,5.81E-05,1.70E-05
Microbacterium_sp._CBA3102,1.06E-06,2.06E-06,1.02E-06,2.86E-06,3.96E-06,3.93E-06,1.90E-06,4.22E-06,6.10E-06,6.76E-06,3.96E-06,4.49E-06,4.59E-06,9.36E-06,8.59E-07,1.10E-06,2.96E-06,1.97E-06,3.50E-06,1.56E-05,4.14E-06,5.80E-06,5.70E-06,1.23E-05,6.52E-06,1.05E-06,4.84E-07,8.40E-07,1.32E-05,1.16E-05,1.44E-05,7.20E-06,6.12E-06,1.68E-06,2.91E-06,2.10E-05,1.01E-05,1.28E-06
Mycoplasma_glycophilum,1.55E-06,2.26E-06,4.27E-06,3.35E-06,3.00E-06,3.87E-06,2.08E-06,2.59E-06,6.73E-06,4.84E-06,8.69E-06,7.88E-06,5.04E-06,4.20E-06,2.04E-06,8.84E-06,3.32E-06,9.20E-07,2.50E-06,1.17E-05,2.26E-06,7.54E-06,6.48E-06,9.95E-06,7.51E-06,3.73E-06,1.82E-06,2.64E-06,8.83E-06,1.39E-05,1.30E-05,1.33E-05,4.97E-06,4.23E-06,4.40E-06,1.47E-05,2.12E-05,2.85E-06
Novibacillus_thermophilus,1.55E-06,6.45E-06,2.68E-06,1.08E-05,1.35E-05,2.22E-05,4.55E-06,1.04E-05,1.30E-05,2.21E-05,6.60E-06,9.30E-06,8.62E-06,1.55E-05,8.27E-06,6.51E-06,3.26E-06,4.97E-06,4.88E-06,2.68E-05,9.70E-06,1.34E-05,1.09E-05,3.15E-05,1.74E-05,3.34E-06,4.48E-06,8.36E-06,2.29E-05,2.82E-05,2.13E-05,2.05E-05,1.89E-05,6.65E-06,1.06E-05,2.83E-05,3.05E-05,3.99E-06
Oceanobacillus_kimchii,3.52E-06,8.05E-06,3.42E-06,2.04E-05,2.58E-05,2.24E-05,1.39E-05,7.21E-06,1.45E-05,2.41E-05,6.55E-06,1.63E-05,7.28E-06,8.41E-06,8.97E-06,7.48E-06,3.20E-06,1.22E-05,7.88E-06,3.90E-05,9.04E-06,1.92E-05,1.22E-05,1.27E-05,3.24E-05,1.03E-05,2.09E-05,1.68E-05,3.04E-05,2.73E-05,3.14E-05,1.84E-05,2.21E-05,8.75E-06,1.77E-05,2.78E-05,4.99E-05,5.70E-06
Octadecabacter_antarcticus,9.85E-07,4.72E-06,1.70E-06,5.55E-06,1.19E-05,7.93E-06,1.29E-05,3.04E-06,1.74E-06,5.95E-06,5.94E-06,1.07E-05,1.52E-05,5.16E-06,3.76E-06,9.80E-06,2.55E-06,1.58E-06,4.25E-06,2.43E-05,7.06E-06,1.69E-05,6.77E-06,1.21E-05,1.45E-05,2.82E-06,2.70E-06,6.04E-06,3.01E-05,1.84E-05,1.46E-05,2.16E-05,9.26E-06,5.42E-06,1.72E-05,1.38E-05,1.79E-05,3.06E-06
Paenibacillus_yonginensis,5.63E-06,1.90E-05,9.56E-06,2.20E-05,2.81E-05,3.30E-05,2.03E-05,1.26E-05,2.87E-05,3.15E-05,1.45E-05,3.22E-05,3.03E-05,2.41E-05,1.79E-05,2.44E-05,8.89E-06,1.33E-05,1.91E-05,5.16E-05,2.40E-05,3.42E-05,2.77E-05,4.11E-05,4.65E-05,1.57E-05,8.48E-06,8.52E-06,5.24E-05,4.41E-05,4.61E-05,3.20E-05,3.76E-05,1.15E-05,3.02E-05,7.13E-05,6.09E-05,6.98E-06
Pandoraea_oxalativorans,4.29E-06,3.86E-06,8.31E-06,1.18E-05,1.72E-05,8.99E-06,1.33E-05,1.06E-05,1.47E-05,1.31E-05,9.96E-06,1.70E-05,2.25E-05,8.98E-06,6.39E-06,2.03E-05,9.24E-06,6.70E-06,1.20E-05,3.39E-05,1.51E-05,1.88E-05,1.63E-05,2.93E-05,1.87E-05,5.63E-06,2.26E-06,4.08E-06,2.75E-05,2.08E-05,3.21E-05,1.87E-05,3.14E-05,1.13E-05,1.49E-05,1.80E-05,2.15E-05,5.84E-06
Pantoea_ananatis,4.85E-06,7.25E-06,1.22E-05,2.12E-05,1.69E-05,2.34E-05,2.07E-05,1.26E-05,1.77E-05,1.85E-05,2.69E-05,2.45E-05,3.26E-05,2.06E-05,7.89E-06,2.78E-05,1.16E-05,6.65E-06,1.20E-05,3.27E-05,1.98E-05,2.44E-05,2.46E-05,4.91E-05,2.28E-05,6.88E-06,1.76E-05,1.13E-05,3.67E-05,3.45E-05,2.87E-05,3.12E-05,2.08E-05,1.56E-05,1.71E-05,4.91E-05,3.54E-05,3.57E-05
Parvularcula_bermudensis,1.97E-06,1.26E-06,9.15E-07,6.39E-06,3.55E-06,1.03E-05,6.24E-06,4.06E-06,8.60E-06,7.13E-06,1.87E-06,4.38E-06,5.60E-06,5.54E-06,2.42E-06,8.38E-06,1.13E-06,2.10E-06,3.63E-06,1.81E-05,3.96E-06,1.64E-05,4.54E-06,6.20E-06,1.05E-05,2.49E-06,8.07E-07,2.40E-06,2.40E-05,1.17E-05,1.39E-05,9.60E-06,9.03E-06,4.89E-06,6.19E-06,1.42E-05,1.34E-05,1.57E-06
Pediococcus_inopinatus,1.13E-06,3.39E-06,3.83E-06,5.29E-06,4.37E-06,5.62E-06,8.21E-06,6.70E-06,7.72E-06,1.30E-05,8.36E-06,7.44E-06,8.84E-06,6.69E-06,6.39E-06,9.03E-06,4.21E-06,1.58E-06,3.25E-06,1.82E-05,6.40E-06,7.40E-06,1.64E-05,1.71E-05,1.52E-05,2.16E-06,5.29E-06,8.84E-06,8.08E-06,1.37E-05,1.76E-05,1.44E-05,1.27E-05,8.46E-06,6.27E-06,1.42E-05,1.50E-05,7.84E-07
Planctomycetes_bacterium_Pan258,3.52E-06,7.32E-07,1.32E-06,6.83E-06,4.78E-06,3.56E-06,6.31E-06,2.25E-06,2.24E-06,7.38E-06,1.49E-06,2.96E-06,3.25E-06,7.64E-06,8.59E-07,9.03E-07,3.26E-06,3.71E-06,2.63E-06,9.70E-06,1.08E-05,3.92E-06,5.65E-06,1.71E-05,8.16E-06,2.16E-06,1.01E-06,7.60E-07,1.38E-05,8.63E-06,1.71E-05,9.60E-06,9.21E-06,2.09E-06,2.54E-06,1.26E-05,9.71E-06,7.84E-07
Planctomycetes_bacterium_Poly24,1.69E-06,3.13E-06,1.46E-06,4.98E-06,9.15E-06,4.81E-06,7.82E-06,5.01E-06,7.23E-06,1.56E-05,7.04E-06,1.27E-05,9.40E-06,3.44E-06,6.01E-06,9.61E-06,2.01E-06,5.81E-06,8.63E-06,1.65E-05,4.90E-06,1.02E-05,8.22E-06,1.90E-05,1.73E-05,4.91E-06,1.29E-06,6.92E-06,1.81E-05,1.17E-05,1.36E-05,1.23E-05,1.85E-05,7.06E-06,1.05E-05,1.94E-05,1.81E-05,2.00E-06
Polaribacter_sp._Hel1_33_78,1.34E-05,5.99E-06,8.51E-06,1.68E-05,2.55E-05,2.02E-05,1.18E-05,1.06E-05,9.47E-06,1.09E-05,1.38E-05,2.45E-05,4.14E-06,8.79E-06,5.16E-06,3.35E-06,9.48E-06,4.10E-06,1.08E-05,3.53E-05,1.62E-05,2.15E-05,2.88E-05,1.51E-05,2.52E-05,7.80E-06,7.83E-06,9.48E-06,2.71E-05,2.49E-05,2.36E-05,2.59E-05,1.17E-05,1.04E-05,1.75E-05,3.92E-05,3.52E-05,1.22E-05
Pseudomonas_palleroniana,1.48E-06,7.98E-07,2.61E-06,5.38E-06,7.38E-06,5.93E-06,1.23E-06,2.08E-06,6.10E-06,1.02E-05,2.15E-06,6.79E-06,8.51E-06,4.20E-06,1.99E-06,4.00E-06,1.13E-06,5.78E-06,1.63E-06,1.35E-05,4.99E-06,1.15E-05,7.39E-06,1.15E-05,8.44E-06,1.44E-06,1.33E-06,4.60E-06,2.40E-05,7.82E-06,1.57E-05,8.26E-06,6.52E-06,2.30E-06,5.37E-06,2.33E-05,1.43E-05,1.21E-06
Pseudomonas_sp._C27(2019),4.22E-07,2.33E-06,4.20E-06,4.45E-06,6.83E-06,8.87E-06,6.06E-06,3.72E-06,5.11E-06,5.15E-06,7.98E-06,5.47E-06,1.24E-05,8.79E-06,3.71E-06,7.61E-06,1.66E-06,1.74E-06,9.01E-06,1.16E-05,1.38E-05,1.52E-05,4.78E-06,2.44E-05,1.02E-05,2.29E-06,1.57E-06,4.28E-06,1.36E-05,6.59E-06,1.25E-05,1.12E-05,6.92E-06,4.56E-06,1.49E-06,2.62E-05,1.31E-05,3.85E-06
Pseudomonas_sp._URMO17WK12:I11,9.85E-07,3.33E-06,2.64E-06,6.26E-06,5.87E-06,4.87E-06,2.15E-06,2.20E-06,3.74E-06,1.03E-05,3.52E-06,7.88E-06,6.16E-06,8.22E-06,4.14E-06,4.06E-06,3.50E-06,4.18E-06,3.63E-06,1.08E-05,4.61E-06,3.57E-06,5.36E-06,5.17E-06,8.11E-06,6.68E-06,4.00E-06,1.68E-06,1.69E-05,7.95E-06,1.07E-05,1.04E-05,9.95E-06,3.78E-06,8.80E-06,1.01E-05,1.31E-05,2.57E-06
Raoultella_sp._NCTC_9189,3.52E-07,7.32E-07,7.12E-07,2.64E-07,8.20E-07,5.00E-07,8.11E-07,5.63E-08,7.47E-07,4.34E-07,7.15E-07,6.57E-07,1.12E-07,3.82E-07,1.02E-06,1.29E-07,3.56E-07,2.37E-07,1.25E-06,7.80E-07,7.53E-07,7.14E-07,2.46E-06,4.39E-06,2.19E-06,1.97E-07,4.04E-07,5.60E-07,1.50E-06,2.72E-06,1.41E-06,2.13E-06,9.15E-07,1.56E-06,1.49E-06,3.50E-06,2.07E-06,4.99E-07
Rhizobium_flavum,4.92E-07,1.06E-06,1.25E-06,4.41E-06,7.79E-06,6.43E-06,5.89E-06,2.20E-06,4.98E-06,2.36E-06,7.32E-06,4.16E-06,7.83E-06,5.16E-06,1.56E-06,3.74E-06,7.11E-07,1.71E-06,2.25E-06,1.67E-05,6.03E-06,6.02E-06,6.91E-06,1.01E-05,1.21E-05,7.14E-06,2.91E-06,1.52E-06,1.36E-05,1.24E-05,8.81E-06,4.53E-06,8.35E-06,2.96E-06,4.40E-06,9.62E-06,5.58E-06,1.43E-06
Rhodococcus_pyridinivorans,3.52E-07,2.00E-06,2.71E-07,3.92E-06,4.92E-06,3.50E-06,3.42E-06,7.89E-07,1.25E-06,3.66E-06,2.15E-06,3.94E-06,2.57E-06,3.25E-06,5.91E-07,8.06E-06,1.01E-06,1.13E-06,3.75E-06,1.09E-05,1.32E-06,3.17E-06,2.46E-06,1.40E-05,5.37E-06,7.21E-07,1.82E-06,1.80E-06,1.09E-05,4.56E-06,7.05E-06,7.20E-06,4.92E-06,9.03E-07,3.06E-06,4.37E-06,8.57E-06,6.13E-06
Rhodovulum_sp._P5,1.41E-06,2.53E-06,3.09E-06,7.71E-06,8.88E-06,7.37E-06,8.63E-06,8.39E-06,9.84E-06,1.24E-05,1.13E-05,1.01E-05,5.71E-06,8.60E-06,1.93E-06,3.81E-06,5.57E-06,4.08E-06,5.63E-06,2.84E-05,5.84E-06,1.64E-05,1.33E-05,2.04E-05,1.11E-05,4.32E-06,1.82E-06,7.24E-06,2.81E-05,1.71E-05,1.43E-05,9.86E-06,1.45E-05,3.12E-06,4.18E-06,3.13E-05,3.01E-05,1.78E-05
Rhodovulum_sulfidophilum,1.48E-06,5.26E-06,4.07E-06,1.93E-05,2.54E-05,1.79E-05,2.07E-05,9.91E-06,1.41E-05,1.66E-05,4.62E-06,1.97E-05,2.20E-05,1.03E-05,7.89E-06,7.74E-06,9.24E-06,1.08E-05,1.43E-05,5.96E-05,1.47E-05,2.08E-05,4.10E-05,4.68E-05,3.27E-05,6.16E-06,2.58E-06,5.60E-06,5.12E-05,3.97E-05,3.33E-05,2.93E-05,2.92E-05,4.43E-06,1.27E-05,4.72E-05,3.81E-05,2.42E-06
Roseovarius_sp._THAF9,5.63E-07,3.93E-06,9.49E-07,5.15E-06,7.79E-06,1.24E-05,3.59E-06,3.77E-06,6.10E-06,7.63E-06,2.86E-06,9.96E-06,5.37E-06,2.67E-06,4.51E-06,2.32E-06,7.29E-06,2.34E-06,5.13E-06,7.80E-06,6.97E-06,4.99E-06,6.43E-06,1.28E-05,9.26E-06,2.42E-06,2.34E-06,1.20E-06,1.33E-05,2.00E-05,1.09E-05,1.31E-05,1.28E-05,3.20E-06,7.53E-06,1.66E-05,2.62E-05,1.92E-06
Salinispora_tropica,1.41E-06,3.26E-06,2.03E-06,7.45E-06,1.02E-05,1.30E-05,8.95E-06,5.58E-06,7.23E-06,1.19E-05,5.83E-06,1.31E-05,9.63E-06,9.17E-06,3.87E-06,4.64E-06,2.37E-06,4.26E-06,6.38E-06,2.30E-05,7.06E-06,1.16E-05,1.54E-05,3.01E-05,1.75E-05,1.77E-06,3.23E-06,1.39E-05,2.41E-05,1.03E-05,1.80E-05,1.15E-05,1.20E-05,4.43E-06,9.85E-06,4.70E-05,2.29E-05,3.35E-06
Selenomonas_sp._oral_taxon_136,1.20E-06,3.39E-06,5.93E-06,1.52E-05,3.48E-05,1.62E-05,2.43E-05,6.42E-06,1.61E-05,1.76E-05,6.71E-06,1.50E-05,1.54E-05,2.01E-05,6.61E-06,8.38E-06,3.08E-06,1.23E-05,1.30E-05,3.35E-05,2.38E-05,2.08E-05,2.44E-05,4.01E-05,2.37E-05,1.10E-05,3.67E-06,4.28E-06,5.02E-05,1.75E-05,4.21E-05,3.78E-05,2.36E-05,8.75E-06,1.10E-05,4.00E-05,3.41E-05,2.99E-06
Serpentinomonas_raichei,2.53E-06,1.26E-06,3.76E-06,5.77E-06,8.47E-06,8.37E-06,3.95E-06,1.08E-05,8.97E-06,1.11E-05,8.47E-06,1.04E-05,1.40E-05,7.07E-06,6.12E-06,7.22E-06,4.80E-06,8.97E-06,7.01E-06,1.53E-05,6.03E-06,1.31E-05,1.20E-05,1.96E-05,8.38E-06,3.28E-06,1.41E-06,3.16E-06,2.95E-05,1.67E-05,1.81E-05,1.52E-05,8.29E-06,4.48E-06,6.49E-06,2.03E-05,2.13E-05,4.13E-05
Shewanella_donghaensis,7.74E-07,4.86E-06,9.83E-07,7.05E-06,3.96E-06,6.87E-06,3.31E-06,2.20E-06,5.86E-06,5.58E-06,2.20E-06,5.14E-06,5.60E-06,4.01E-06,1.50E-06,3.16E-06,7.11E-07,9.99E-07,2.63E-06,1.26E-05,4.14E-06,8.70E-06,1.57E-05,1.03E-05,1.31E-05,5.50E-06,3.35E-06,5.48E-06,7.79E-06,1.08E-05,1.78E-05,8.53E-06,1.07E-05,2.46E-06,9.70E-06,2.01E-05,1.19E-05,4.70E-06
Streptococcus_ferus,1.41E-06,7.85E-06,3.73E-06,7.05E-06,9.15E-06,1.29E-05,5.07E-06,3.72E-06,1.15E-05,9.67E-06,3.47E-06,1.44E-05,2.10E-05,5.16E-06,1.17E-05,5.87E-06,4.50E-06,2.58E-06,5.51E-06,2.14E-05,8.10E-06,1.56E-05,1.38E-05,1.58E-05,1.60E-05,4.00E-06,3.71E-06,1.18E-05,1.20E-05,1.84E-05,1.41E-05,9.86E-06,1.80E-05,7.56E-06,1.27E-05,2.20E-05,2.12E-05,4.99E-06
Streptomyces_sp._ADI95-16,8.44E-07,1.53E-06,4.88E-06,9.21E-06,1.13E-05,1.63E-05,1.09E-05,2.70E-06,7.72E-06,1.37E-05,8.14E-06,6.35E-06,2.53E-05,9.17E-06,4.30E-06,8.71E-06,2.73E-06,7.26E-06,8.51E-06,4.07E-05,6.97E-06,2.28E-05,1.18E-05,2.58E-05,1.76E-05,6.81E-06,1.90E-06,2.40E-06,4.63E-05,1.83E-05,2.34E-05,1.44E-05,2.21E-05,6.16E-06,1.29E-05,1.99E-05,2.37E-05,3.78E-06
Terriglobus_saanensis,2.25E-06,1.73E-06,3.36E-06,1.22E-05,2.55E-05,7.12E-06,5.60E-06,5.01E-06,1.07E-05,4.34E-06,1.35E-05,1.63E-05,1.11E-05,1.22E-05,5.42E-06,1.35E-05,4.74E-06,7.26E-06,1.04E-05,3.50E-05,1.86E-05,7.72E-06,1.44E-05,3.50E-05,1.40E-05,6.22E-06,2.91E-06,2.44E-06,3.34E-05,2.74E-05,2.57E-05,2.00E-05,1.60E-05,5.38E-06,1.04E-05,3.34E-05,2.32E-05,4.20E-06
Tetragenococcus_koreensis,1.76E-06,8.18E-06,9.43E-06,1.37E-05,1.90E-05,1.22E-05,6.98E-06,6.03E-06,8.97E-06,9.30E-06,1.25E-05,1.67E-05,5.04E-06,7.83E-06,6.93E-06,4.84E-06,3.91E-06,4.52E-06,5.51E-06,9.79E-06,9.42E-06,1.03E-05,2.04E-05,1.49E-05,1.79E-05,7.99E-06,7.35E-06,4.84E-06,1.45E-05,2.56E-05,1.41E-05,2.19E-05,1.14E-05,1.02E-05,1.58E-05,2.03E-05,2.54E-05,1.82E-05
Yersinia_ruckeri,1.27E-06,1.66E-06,3.25E-06,6.48E-06,1.02E-05,8.12E-06,5.29E-06,4.79E-06,3.99E-06,7.13E-06,3.74E-06,1.47E-05,7.16E-06,6.11E-06,3.38E-06,3.87E-06,2.19E-06,3.00E-06,3.75E-06,9.01E-06,1.58E-05,2.72E-06,6.19E-06,5.69E-06,1.24E-05,6.03E-06,5.53E-06,3.84E-06,1.42E-05,7.55E-06,1.02E-05,9.60E-06,1.29E-05,3.53E-06,1.42E-05,1.50E-05,1.08E-05,1.04E-05
